0 , 8 , 10 , Medium , New ,  [ , yeeeae , ]  ,  [ , n7eb kammounti barcha ena , ]  ,  
1 , 8 , -1 , Medium , Pending ,  [ , yeeeae , ]  ,  [ , n7eb kammounti barcha ena , ]  ,  
2 , 8 , -1 , High , New ,  [ , yeeeae , ]  ,  [ , n7eb kammounti barcha ena , ]  ,  
3 , 8 , -1 , Medium , New ,  [ , yeeeae , ]  ,  [ , n7eb kammounti barcha ena , ]  ,  
4 , 8 , -1 , Medium , Pending ,  [ , yeeeae , ]  ,  [ , n7rcha ena , ]  ,  
5 , 8 , 10 , Medium , New ,  [ , yeeeae , ]  ,  [ , n7rcha ena , ]  ,  
6 , 0 , -1 , Medium , New ,  [ , titre , ]  ,  [ , contenidd , ]  ,  
7 , 2 , 2 , Medium , New ,  [ , titre , ]  ,  [ , safasd asdflok sadf , ]  ,  
8 , 2 , -1 , Medium , New ,  [ ,  , ]  ,  [ , seksi , ]  ,  
9 , 2 , -1 , Medium , New ,  [ , yes , ]  ,  [ , very yes , ]  ,  
10 , 3 , -1 , Medium , New ,  [ , yes , ]  ,  [ , yes , ]  ,  
11 , 3 , -1 , Medium , New ,  [ , mana3rach , ]  ,  [ , leeee , ]  ,  
12 , 3 , -1 , Medium , New ,  [ , hayya 3ad , ]  ,  [ , khannor9od ezza7 , ]  ,  
13 , 4 , -1 , Medium , New ,  [ , uss , ]  ,  [ , deded , ]  ,  
14 , 4 , -1 , Medium , New ,  [ , penes , ]  ,  [ , big penes , ]  ,  
